,movie,year,imdb,metascore,votes,us_grossMillions,timeMin
0,Knives Out,2019,7.9,82.0,340943,165.36,130
1,Once Upon a Time... in Hollywood,2019,7.7,83.0,487755,142.5,161
2,The Gentlemen,2019,7.9,51.0,157213,,113
3,Parasite,2019,8.6,96.0,441832,53.37,132
4,Ford v Ferrari,2019,8.1,81.0,231742,117.62,152
5,Avengers: Endgame,2019,8.4,78.0,735909,858.37,181
6,Joker,2019,8.5,59.0,821962,335.45,122
7,Back to the Future,1985,8.5,87.0,1014784,210.61,116
8,1917,2019,8.3,78.0,339255,159.23,119
9,Ferris Bueller's Day Off,1986,7.8,61.0,310464,70.14,103
10,The Shawshank Redemption,1994,9.3,80.0,2258583,28.34,142
11,The Wolf of Wall Street,2013,8.2,75.0,1127906,116.9,180
12,Avengers: Infinity War,2018,8.4,68.0,784571,678.82,149
13,Inception,2010,8.8,74.0,1981434,292.58,148
14,Interstellar,2014,8.6,74.0,1430577,188.02,169
15,The Godfather,1972,9.2,100.0,1558474,134.97,175
16,Jojo Rabbit,2019,7.9,58.0,234384,0.35,108
17,Harry Potter and the Sorcerer's Stone,2001,7.6,64.0,618704,317.58,152
18,Little Women,2019,7.9,91.0,113489,108.1,135
19,The Dark Knight,2008,9.0,84.0,2224299,534.86,152
20,The Silence of the Lambs,1991,8.6,85.0,1223314,130.74,118
21,The Lord of the Rings: The Fellowship of the Ring,2001,8.8,92.0,1609000,315.54,178
22,The Shining,1980,8.4,66.0,860166,44.02,146
23,Jurassic Park,1993,8.1,68.0,836661,402.45,127
24,Zodiac,2007,7.7,78.0,436771,33.08,157
25,Pulp Fiction,1994,8.9,94.0,1767258,107.93,154
26,Saving Private Ryan,1998,8.6,91.0,1194065,216.54,169
27,The Green Mile,1999,8.6,61.0,1101544,136.8,189
28,Django Unchained,2012,8.4,81.0,1306885,162.81,165
29,Mission: Impossible - Fallout,2018,7.7,86.0,276262,220.16,147
30,The Princess Bride,1987,8.1,77.0,382000,30.86,98
31,The Matrix,1999,8.7,73.0,1619602,171.48,136
32,Inglourious Basterds,2009,8.3,69.0,1219221,120.54,153
33,Moana,2016,7.6,81.0,256182,248.76,107
34,Into the Wild,2007,8.1,73.0,556371,18.35,148
35,The Help,2011,8.1,62.0,416686,169.71,146
36,The Prestige,2006,8.5,66.0,1144370,53.09,130
37,Gladiator,2000,8.5,67.0,1297551,187.71,155
38,Mad Max: Fury Road,2015,8.1,90.0,847885,154.06,120
39,Call Me by Your Name,2017,7.9,93.0,195400,18.1,132
40,Titanic,1997,7.8,75.0,1017154,659.33,194
41,The Lighthouse,2019,7.6,83.0,111810,0.43,109
42,Jaws,1975,8.0,87.0,531929,260.0,124
43,The Departed,2006,8.5,85.0,1150658,132.38,151
44,The Goonies,1985,7.8,62.0,234510,61.5,114
45,Spider-Man: Into the Spider-Verse,2018,8.4,87.0,326337,190.24,117
46,Thor: Ragnarok,2017,7.9,74.0,557491,315.06,130
47,Guardians of the Galaxy,2014,8.0,76.0,1017334,333.18,121
48,The Dark Knight Rises,2012,8.4,78.0,1470202,448.14,164
49,Ocean's Eleven,2001,7.7,74.0,500862,183.42,116
50,Forrest Gump,1994,8.8,82.0,1740864,330.25,142
51,Se7en,1995,8.6,65.0,1390062,100.13,127
52,Blade Runner 2049,2017,8.0,81.0,434902,92.05,164
53,The Irishman,2019,7.9,94.0,297065,,209
54,No Country for Old Men,2007,8.1,91.0,823023,74.28,122
55,Pirates of the Caribbean: The Curse of the Black Pearl,2003,8.0,63.0,997210,305.41,143
56,The Breakfast Club,1985,7.9,66.0,344357,45.88,97
57,Fight Club,1999,8.8,66.0,1794272,37.03,139
58,Portrait of a Lady on Fire,2019,8.1,95.0,43537,,122
59,Léon: The Professional,1994,8.5,64.0,999484,19.5,110
60,Toy Story 4,2019,7.8,84.0,184296,434.04,100
61,Watchmen,2009,7.6,56.0,487668,107.51,162
62,Schindler's List,1993,8.9,94.0,1173158,96.9,195
63,Gone with the Wind,1939,8.1,97.0,281378,198.68,238
64,V for Vendetta,2005,8.2,62.0,1002853,70.51,132
65,Alien,1979,8.4,89.0,762707,78.9,117
66,12 Years a Slave,2013,8.1,96.0,619630,56.67,134
67,Prisoners,2013,8.1,70.0,574948,61.0,153
68,Get Out,2017,7.7,85.0,465493,176.04,104
69,Harry Potter and the Goblet of Fire,2005,7.7,81.0,526051,290.01,157
70,Goodfellas,1990,8.7,90.0,982667,46.84,146
71,Airplane!,1980,7.7,78.0,205267,83.4,88
72,Spirited Away,2001,8.6,96.0,618436,10.06,125
73,Baby Driver,2017,7.6,86.0,415979,107.83,113
74,Bohemian Rhapsody,2018,8.0,49.0,428255,216.43,134
75,Harry Potter and the Deathly Hallows: Part 2,2011,8.1,85.0,737564,381.01,130
76,La La Land,2016,8.0,94.0,482764,151.1,128
77,Deadpool,2016,8.0,65.0,876003,363.07,108
78,Green Book,2018,8.2,69.0,332121,85.08,130
79,True Romance,1993,7.9,59.0,200769,12.28,119
80,The Big Lebowski,1998,8.1,71.0,705791,17.5,117
81,The Lord of the Rings: The Return of the King,2003,8.9,94.0,1593694,377.85,201
82,The Notebook,2004,7.8,53.0,503808,81.0,123
83,Scarface,1983,8.3,65.0,714924,45.6,170
84,Gone Girl,2014,8.1,79.0,825342,167.77,149
85,Apocalypse Now,1979,8.4,94.0,585923,83.47,147
86,The Fifth Element,1997,7.7,52.0,423395,63.54,126
87,Dunkirk,2017,7.9,94.0,522998,188.37,106
88,E.T. the Extra-Terrestrial,1982,7.8,91.0,359759,435.11,115
89,Taxi Driver,1976,8.3,94.0,696544,28.26,114
90,Back to the Future Part II,1989,7.8,57.0,462289,118.5,108
91,Shutter Island,2010,8.1,63.0,1086197,128.01,138
92,Catch Me If You Can,2002,8.1,75.0,790736,164.62,141
93,Batman Begins,2005,8.2,70.0,1268924,206.85,140
94,The Truman Show,1998,8.1,90.0,900878,125.62,103
95,A Star Is Born,2018,7.7,88.0,313032,215.29,136
96,Boogie Nights,1997,7.9,85.0,231974,26.4,155
97,Guardians of the Galaxy Vol. 2,2017,7.6,67.0,544288,389.81,136
98,Apollo 13,1995,7.6,77.0,260472,173.84,140
99,Avatar,2009,7.8,83.0,1096067,760.51,162
100,The Avengers,2012,8.0,69.0,1235974,623.28,143
101,The Godfather: Part II,1974,9.0,90.0,1089140,57.3,202
102,Star Wars: Episode IV - A New Hope,1977,8.6,90.0,1197025,322.74,121
103,"Three Billboards Outside Ebbing, Missouri",2017,8.2,88.0,404319,54.51,115
104,Raiders of the Lost Ark,1981,8.4,85.0,859440,248.16,115
105,Whiplash,2014,8.5,88.0,683050,13.09,106
106,Almost Famous,2000,7.9,90.0,245700,32.53,122
107,Dazed and Confused,1993,7.6,78.0,159646,7.99,102
108,Good Will Hunting,1997,8.3,70.0,830040,138.43,126
109,Kingsman: The Secret Service,2014,7.7,60.0,575893,128.26,129
110,The Usual Suspects,1995,8.5,77.0,961696,23.34,106
111,Harry Potter and the Prisoner of Azkaban,2004,7.9,82.0,528437,249.36,142
112,Zootopia,2016,8.0,78.0,417164,341.27,108
113,Rogue One: A Star Wars Story,2016,7.8,65.0,534432,532.18,133
114,The Lord of the Rings: The Two Towers,2002,8.7,87.0,1440040,342.55,179
115,Memento,2000,8.4,80.0,1090198,25.54,113
116,Terminator 2: Judgment Day,1991,8.5,75.0,968415,204.84,137
117,Requiem for a Dream,2000,8.3,68.0,743138,3.64,102
118,Star Trek,2009,7.9,82.0,570052,257.73,127
119,The Social Network,2010,7.7,95.0,604186,96.96,120
120,Stand by Me,1986,8.1,75.0,352533,52.29,89
121,American Beauty,1999,8.3,84.0,1042997,130.1,122
122,Deadpool 2,2018,7.7,66.0,455151,324.59,119
123,The Lion King,1994,8.5,88.0,910075,422.78,88
124,Minority Report,2002,7.6,80.0,495505,132.07,145
125,Captain America: Civil War,2016,7.8,75.0,638658,408.08,147
126,There Will Be Blood,2007,8.2,93.0,498254,40.22,158
127,Apocalypto,2006,7.8,68.0,284284,50.87,139
128,Blue Is the Warmest Colour,2013,7.7,88.0,134148,2.2,180
129,A Clockwork Orange,1971,8.3,80.0,735006,6.21,136
130,The Hangover,2009,7.7,73.0,702277,277.32,100
131,The Hateful Eight,2015,7.8,68.0,493653,54.12,168
132,Howl's Moving Castle,2004,8.2,80.0,313909,4.71,119
133,Iron Man,2008,7.9,79.0,915586,318.41,126
134,Braveheart,1995,8.3,68.0,936660,75.6,178
135,Singin' in the Rain,1952,8.3,99.0,211284,8.82,103
136,Room,2015,8.1,86.0,352631,14.68,118
137,The Hobbit: An Unexpected Journey,2012,7.8,58.0,743301,303.0,169
138,Her,2013,8.0,90.0,518208,25.57,126
139,Remember the Titans,2000,7.8,48.0,192988,115.65,113
140,The Terminator,1984,8.0,84.0,778941,38.4,107
141,Do the Right Thing,1989,7.9,93.0,84407,27.55,120
142,Midnight in Paris,2011,7.7,81.0,376511,56.82,94
143,Ghostbusters,1984,7.8,71.0,344660,238.63,105
144,Inside Man,2006,7.6,76.0,329226,88.51,129
145,Marriage Story,2019,8.0,94.0,219606,,137
146,What We Do in the Shadows,2014,7.7,76.0,148034,3.33,86
147,The Curious Case of Benjamin Button,2008,7.8,70.0,572171,127.51,166
148,The Peanut Butter Falcon,2019,7.6,70.0,42908,13.12,97
149,Come and See,1985,8.3,,52098,,142
150,Ex Machina,2014,7.7,78.0,458116,25.44,108
151,Psycho,1960,8.5,97.0,580868,32.0,109
152,Aliens,1986,8.3,84.0,635111,85.16,137
153,Casino Royale,2006,8.0,80.0,566926,167.45,144
154,Blade Runner,1982,8.1,84.0,673028,32.87,117
155,American Psycho,2000,7.6,64.0,467868,15.07,101
156,Full Metal Jacket,1987,8.3,76.0,652782,46.36,116
157,Heat,1995,8.2,76.0,557669,67.44,170
158,One Flew Over the Cuckoo's Nest,1975,8.7,83.0,884742,112.0,133
159,Harry Potter and the Deathly Hallows: Part 1,2010,7.7,65.0,459078,295.98,146
160,Hacksaw Ridge,2016,8.1,71.0,412809,67.21,139
161,Princess Mononoke,1997,8.4,76.0,326418,2.38,134
162,Coco,2017,8.4,81.0,345096,209.73,105
163,The Perks of Being a Wallflower,2012,8.0,67.0,448094,17.74,103
164,Kill Bill: Vol. 1,2003,8.1,69.0,970326,70.1,111
165,"The Good, the Bad and the Ugly",1966,8.8,90.0,666843,6.1,178
166,Tombstone,1993,7.8,50.0,122038,56.51,130
167,12 Angry Men,1957,8.9,96.0,661672,4.36,96
168,Lethal Weapon,1987,7.6,68.0,230920,65.21,109
169,3:10 to Yuma,2007,7.7,76.0,281922,53.61,122
170,The Grand Budapest Hotel,2014,8.1,88.0,681834,59.1,99
171,Edge of Tomorrow,2014,7.9,71.0,581866,100.21,113
172,2001: A Space Odyssey,1968,8.3,84.0,582645,56.95,149
173,Cast Away,2000,7.8,73.0,506310,233.63,143
174,Casino,1995,8.2,73.0,448000,42.44,178
175,Sicario,2015,7.6,82.0,356910,46.89,121
176,Pride & Prejudice,2005,7.8,82.0,244712,38.41,129
177,Eternal Sunshine of the Spotless Mind,2004,8.3,89.0,882403,34.4,108
178,Harry Potter and the Half-Blood Prince,2009,7.6,78.0,453815,301.96,153
179,Reservoir Dogs,1992,8.3,79.0,889862,2.83,99
180,About Time,2013,7.8,55.0,287203,15.32,123
181,The Big Short,2015,7.8,81.0,344541,70.26,130
182,Drive,2011,7.8,78.0,554521,35.06,100
183,Logan,2017,8.1,77.0,621072,226.28,137
184,The Revenant,2015,8.0,76.0,678741,183.64,156
185,Captain America: The Winter Soldier,2014,7.7,70.0,714376,259.77,136
186,Ratatouille,2007,8.0,96.0,620310,206.45,111
187,X-Men: First Class,2011,7.7,65.0,634110,146.41,131
188,The Girl with the Dragon Tattoo,2011,7.8,71.0,408962,102.52,158
189,Willy Wonka & the Chocolate Factory,1971,7.8,67.0,172543,4.0,100
190,The Martian,2015,8.0,80.0,734832,228.43,144
191,Star Wars: Episode VII - The Force Awakens,2015,7.9,80.0,841179,936.66,138
192,American History X,1998,8.5,62.0,1007370,6.72,119
193,Arrival,2016,7.9,81.0,569680,100.55,116
194,Your Name.,2016,8.4,79.0,173130,5.02,106
195,Hot Fuzz,2007,7.8,81.0,450156,23.64,121
196,Hidden Figures,2016,7.8,74.0,191129,169.61,127
197,The Sixth Sense,1999,8.1,64.0,888838,293.51,107
198,300,2006,7.6,52.0,719378,210.61,117
199,Black Swan,2010,8.0,79.0,682473,106.95,108
200,Snatch,2000,8.3,55.0,761593,30.33,102
201,Superbad,2007,7.6,76.0,508349,121.46,113
202,True Grit,2010,7.6,80.0,302432,171.24,110
203,A Hard Day's Night,1964,7.6,96.0,39077,13.78,87
204,Donnie Darko,2001,8.0,88.0,724848,1.48,113
205,Blazing Saddles,1974,7.7,73.0,122466,119.5,93
206,Mulholland Drive,2001,8.0,85.0,309813,7.22,147
207,Die Hard,1988,8.2,72.0,763234,83.01,132
208,The Sound of Music,1965,8.0,63.0,197211,163.21,172
209,Oldboy,2003,8.4,77.0,496622,0.71,120
210,Inside Out,2015,8.1,94.0,586816,356.46,95
211,The Invisible Guest,2016,8.1,,122645,,106
212,The Godfather: Part III,1990,7.6,60.0,347634,66.67,162
213,Pan's Labyrinth,2006,8.2,98.0,603211,37.63,118
214,The Wizard of Oz,1939,8.0,100.0,364905,2.08,102
215,Spotlight,2015,8.1,93.0,401866,45.06,129
216,Magnolia,1999,8.0,77.0,282930,22.46,188
217,Unforgiven,1992,8.2,85.0,364065,101.16,130
218,Stardust,2007,7.6,66.0,248380,38.63,127
219,Skyfall,2012,7.7,81.0,617613,304.36,143
220,Once Upon a Time in America,1984,8.4,,299334,5.32,229
221,The Pianist,2002,8.5,85.0,701504,32.57,150
222,The Florida Project,2017,7.6,92.0,87717,5.9,111
223,Mulan,1998,7.6,71.0,242098,120.62,88
224,The Imitation Game,2014,8.0,73.0,662211,91.13,114
225,12 Monkeys,1995,8.0,74.0,565356,57.14,129
226,Children of Men,2006,7.9,84.0,452507,35.55,109
227,Star Wars: Episode V - The Empire Strikes Back,1980,8.7,82.0,1124729,290.48,124
228,The Intouchables,2011,8.5,57.0,731065,13.18,112
229,Sherlock Holmes,2009,7.6,57.0,571363,209.03,128
230,Rush,2013,8.1,74.0,419336,26.95,123
231,Love Actually,2003,7.6,55.0,413826,59.7,135
232,The Blind Side,2009,7.6,53.0,283715,255.96,129
233,Life Is Beautiful,1997,8.6,59.0,600431,57.6,116
234,Brokeback Mountain,2005,7.7,87.0,315110,83.04,134
235,Fargo,1996,8.1,85.0,596542,24.61,98
236,The Handmaiden,2016,8.1,84.0,101780,2.01,145
237,Zombieland,2009,7.6,73.0,507307,75.59,88
238,Birdman or (The Unexpected Virtue of Ignorance),2014,7.7,87.0,561737,42.34,119
239,Sin City,2005,8.0,74.0,731391,74.1,124
240,The Incredibles,2004,8.0,90.0,638902,261.44,115
241,Silver Linings Playbook,2012,7.7,81.0,647947,132.09,122
242,The Searchers,1956,7.9,94.0,77767,,119
243,Tangled,2010,7.7,71.0,393245,200.82,100
244,Indiana Jones and the Last Crusade,1989,8.2,65.0,672140,197.17,127
245,Lost in Translation,2003,7.7,89.0,398840,44.59,102
246,The Blues Brothers,1980,7.9,60.0,177193,57.23,133
247,Home Alone,1990,7.6,63.0,448738,285.76,103
248,Wind River,2017,7.7,73.0,192995,33.8,107
249,Moneyball,2011,7.6,87.0,350480,75.61,133
250,Atonement,2007,7.8,85.0,241575,50.93,123
251,Predator,1987,7.8,45.0,362433,59.74,107
252,The Thing,1982,8.1,57.0,356740,13.78,109
253,Malcolm X,1992,7.7,72.0,82513,48.17,202
254,The Hobbit: The Desolation of Smaug,2013,7.8,66.0,588255,258.37,161
255,Training Day,2001,7.7,69.0,378356,76.63,122
256,Incredibles 2,2018,7.6,80.0,236198,608.58,118
257,Captain Fantastic,2016,7.9,72.0,179799,5.88,118
258,Dances with Wolves,1990,8.0,72.0,233520,184.21,181
259,The Deer Hunter,1978,8.1,86.0,302050,48.98,183
260,The Bourne Identity,2002,7.9,68.0,496150,121.66,119
261,Star Wars: Episode VI - Return of the Jedi,1983,8.3,58.0,922189,309.13,131
262,Primal Fear,1996,7.7,47.0,178871,56.12,129
263,Once Upon a Time in the West,1968,8.5,80.0,292075,5.32,165
264,Mary Poppins,1964,7.8,88.0,153231,102.27,139
265,The Sandlot,1993,7.8,55.0,76379,32.42,101
266,A Beautiful Mind,2001,8.2,72.0,821625,170.74,135
267,Indiana Jones and the Temple of Doom,1984,7.6,57.0,434395,179.87,118
268,Toy Story,1995,8.3,95.0,858119,191.8,81
269,Bridge of Spies,2015,7.6,81.0,278953,72.31,142
270,The Exorcist,1973,8.0,81.0,352049,232.91,122
271,Casablanca,1942,8.5,100.0,506174,1.02,102
272,What's Eating Gilbert Grape,1993,7.8,73.0,208737,9.17,118
273,Black Hawk Down,2001,7.7,74.0,356158,108.64,144
274,X-Men: Days of Future Past,2014,8.0,75.0,647223,233.92,132
275,A Few Good Men,1992,7.7,62.0,227454,141.34,138
276,Argo,2012,7.7,86.0,560309,136.03,120
277,Nightcrawler,2014,7.9,76.0,443605,32.38,117
278,Straight Outta Compton,2015,7.9,72.0,174950,161.2,147
279,Crash,2004,7.8,66.0,413626,54.58,112
280,City of God,2002,8.6,79.0,681919,7.56,130
281,Wonder,2017,8.0,66.0,131294,132.42,113
282,Million Dollar Baby,2004,8.1,86.0,618835,100.49,132
283,Warrior,2011,8.2,71.0,424758,13.66,140
284,My Neighbor Totoro,1988,8.2,86.0,273724,1.11,86
285,Shrek,2001,7.8,84.0,596445,267.67,90
286,Cape Fear,1962,7.7,76.0,25466,,106
287,Capernaum,2018,8.4,75.0,50232,1.66,126
288,Finding Nemo,2003,8.1,90.0,921984,380.84,100
289,Hell or High Water,2016,7.6,88.0,195794,26.86,102
290,The Fugitive,1993,7.8,87.0,259996,183.88,130
291,Up,2009,8.2,88.0,904953,293.0,96
292,Rocky,1976,8.1,70.0,502689,117.24,120
293,The Fighter,2010,7.8,79.0,332095,93.62,116
294,Lion,2016,8.0,69.0,204234,51.74,118
295,Close Encounters of the Third Kind,1977,7.6,90.0,178784,132.09,138
296,Trainspotting,1996,8.1,83.0,620023,16.5,93
297,The Hunt,2012,8.3,77.0,266447,0.69,115
298,Scent of a Woman,1992,8.0,59.0,249779,63.9,156
299,Dallas Buyers Club,2013,8.0,80.0,426992,27.3,117
300,Misery,1990,7.8,75.0,177587,61.28,107
301,28 Days Later...,2002,7.6,73.0,367363,45.06,113
302,Taken,2008,7.8,51.0,555794,145.0,90
303,Mystic River,2003,7.9,84.0,408958,90.14,138
304,Dead Poets Society,1989,8.1,79.0,406848,95.86,128
305,The Last of the Mohicans,1992,7.7,76.0,144520,75.51,112
306,Falling Down,1993,7.6,56.0,165032,40.9,113
307,Boyz n the Hood,1991,7.7,76.0,120507,57.5,112
308,Lawrence of Arabia,1962,8.3,100.0,259279,44.82,228
309,The Thin Red Line,1998,7.6,78.0,168224,36.4,170
310,The Bourne Supremacy,2004,7.7,73.0,424820,176.24,108
311,Big Hero 6,2014,7.8,74.0,398056,222.53,102
312,Little Miss Sunshine,2006,7.8,80.0,429127,59.89,101
313,Being John Malkovich,1999,7.7,90.0,301692,22.86,113
314,The Last Samurai,2003,7.7,55.0,389252,111.11,154
315,Aladdin,1992,8.0,86.0,360900,217.35,90
316,Kill Bill: Vol. 2,2004,8.0,83.0,663478,66.21,137
317,Vertigo,1958,8.3,100.0,348488,3.2,128
318,Despicable Me,2010,7.6,72.0,488538,251.51,95
319,The Sting,1973,8.3,83.0,234546,159.6,129
320,Big Fish,2003,8.0,58.0,406004,66.26,125
321,"Monsters, Inc.",2001,8.0,79.0,789691,289.92,92
322,Amélie,2001,8.3,69.0,686666,33.23,122
323,Slumdog Millionaire,2008,8.0,84.0,782613,141.32,120
324,The Graduate,1967,8.0,83.0,248444,104.95,106
325,The Untouchables,1987,7.9,79.0,270827,76.27,119
326,L.A. Confidential,1997,8.2,90.0,518347,64.62,138
327,Philadelphia,1993,7.7,66.0,218136,77.32,125
328,Deliverance,1972,7.7,80.0,96006,7.06,109
329,Platoon,1986,8.1,92.0,370903,138.53,120
330,Monty Python and the Holy Grail,1975,8.2,93.0,488438,1.23,91
331,WALL·E,2008,8.4,95.0,967823,223.81,98
332,Shaun of the Dead,2004,7.9,76.0,499193,13.54,99
333,Manchester by the Sea,2016,7.8,96.0,235984,47.7,137
334,Chinatown,1974,8.2,92.0,284138,29.2,130
335,The Little Mermaid,1989,7.6,88.0,229904,111.54,83
336,Kick-Ass,2010,7.6,66.0,515757,48.07,117
337,Saw,2004,7.6,46.0,369795,56.0,103
338,Citizen Kane,1941,8.3,100.0,386209,1.59,119
339,Serenity,2005,7.8,74.0,278692,25.51,119
340,The Fault in Our Stars,2014,7.7,69.0,334167,124.87,126
341,Moonrise Kingdom,2012,7.8,84.0,309257,45.51,94
342,The Pursuit of Happyness,2006,8.0,64.0,433648,163.57,117
343,Seven Samurai,1954,8.6,98.0,305068,0.27,207
344,Blue Velvet,1986,7.8,76.0,174812,8.55,120
345,"Lock, Stock and Two Smoking Barrels",1998,8.2,66.0,520973,3.9,107
346,"O Brother, Where Art Thou?",2000,7.7,69.0,277106,45.51,107
347,3 Idiots,2009,8.4,67.0,327988,6.53,170
348,Guess Who's Coming to Dinner,1967,7.8,63.0,37982,56.7,108
349,The Warriors,1979,7.6,65.0,90971,22.49,92
350,Groundhog Day,1993,8.0,72.0,566180,70.91,101
351,American Gangster,2007,7.8,76.0,381803,130.16,157
352,Gifted,2017,7.6,60.0,94454,24.8,101
353,Amadeus,1984,8.3,88.0,358477,51.97,160
354,Ponyo,2008,7.7,86.0,118372,15.09,101
355,The Machinist,2004,7.7,61.0,348630,1.08,101
356,My Cousin Vinny,1992,7.6,68.0,102804,52.93,120
357,Coraline,2009,7.7,80.0,189231,75.29,100
358,Star Trek Into Darkness,2013,7.7,72.0,457079,228.78,132
359,Rear Window,1954,8.4,100.0,428598,36.76,112
360,127 Hours,2010,7.6,82.0,340361,18.34,94
361,Dr. Strangelove or: How I Learned to Stop Worrying and Love the Bomb,1964,8.4,97.0,437991,0.28,95
362,Who Framed Roger Rabbit,1988,7.7,83.0,177317,156.45,104
363,First Blood,1982,7.7,61.0,219706,47.21,93
364,The Hunt for Red October,1990,7.6,58.0,173609,122.01,135
365,The Lives of Others,2006,8.4,89.0,346738,11.29,137
366,King Kong,1933,7.9,90.0,77065,10.0,100
367,The Butterfly Effect,2004,7.6,30.0,441916,57.94,113
368,Nausicaä of the Valley of the Wind,1984,8.1,86.0,142790,0.5,117
369,Office Space,1999,7.7,68.0,236398,10.82,89
370,End of Watch,2012,7.6,68.0,223003,41.0,109
371,Fear and Loathing in Las Vegas,1998,7.6,41.0,253226,10.68,118
372,The Farewell,2019,7.6,89.0,42152,16.88,100
373,Toy Story 3,2010,8.3,92.0,734868,415.0,103
374,The Theory of Everything,2014,7.7,72.0,387321,35.89,123
375,Rain Man,1988,8.0,65.0,462280,178.8,133
376,How to Train Your Dragon,2010,8.1,75.0,647211,217.58,98
377,Edward Scissorhands,1990,7.9,74.0,434854,56.36,105
378,Glory,1989,7.8,78.0,117958,26.83,122
379,Wreck-It Ralph,2012,7.7,72.0,369022,189.42,101
380,The Hurt Locker,2008,7.6,95.0,411896,17.02,131
381,Gravity,2013,7.7,96.0,751240,274.09,91
382,Young Frankenstein,1974,8.0,80.0,139525,86.3,106
383,Beauty and the Beast,1991,8.0,95.0,408582,218.97,84
384,Halloween,1978,7.8,87.0,220700,47.0,91
385,Before Sunrise,1995,8.1,77.0,259381,5.54,101
386,500 Days of Summer,2009,7.7,76.0,461714,32.39,95
387,The Secret in Their Eyes,2009,8.2,80.0,186125,6.39,129
388,The Game,1997,7.8,61.0,334088,48.32,129
389,Y Tu Mamá También,2001,7.6,88.0,112879,13.62,106
390,Ray,2004,7.7,73.0,135296,75.33,152
391,Kiki's Delivery Service,1989,7.8,83.0,115701,,103
392,Match Point,2005,7.6,72.0,201726,23.09,124
393,The Crow,1994,7.6,71.0,162682,50.69,102
394,Memories of Murder,2003,8.1,82.0,125248,0.01,132
395,North by Northwest,1959,8.3,98.0,289213,13.28,136
396,Das Boot,1981,8.3,86.0,224415,11.49,149
397,Blood Diamond,2006,8.0,64.0,486597,57.37,143
398,As Good as It Gets,1997,7.7,67.0,268323,148.48,139
399,Downfall,2004,8.2,82.0,322631,5.51,156
400,The Fly,1986,7.6,79.0,154273,40.46,96
401,District 9,2009,7.9,81.0,627667,115.65,112
402,Mr. Nobody,2009,7.8,63.0,210284,0.0,141
403,Raging Bull,1980,8.2,89.0,311193,23.38,129
404,Grave of the Fireflies,1988,8.5,94.0,221907,,89
405,Incendies,2010,8.3,80.0,140160,6.86,131
406,Blow,2001,7.6,52.0,235122,52.99,124
407,Rosemary's Baby,1968,8.0,96.0,185560,,137
408,This Is Spinal Tap,1984,7.9,92.0,125857,0.19,82
409,The King's Speech,2010,8.0,88.0,624767,138.8,118
410,Star Trek II: The Wrath of Khan,1982,7.7,67.0,110054,78.91,113
411,Fantastic Mr. Fox,2009,7.9,83.0,191067,21.0,87
412,Man on Fire,2004,7.7,47.0,322004,77.91,146
413,Dangal,2016,8.4,,144618,12.39,161
414,The Elephant Man,1980,8.1,78.0,212700,,124
415,Changeling,2008,7.7,63.0,232013,35.74,141
416,The Jungle Book,1967,7.6,65.0,161240,141.84,78
417,Life of Pi,2012,7.9,79.0,566974,124.99,127
418,The Dirty Dozen,1967,7.7,73.0,65277,45.3,150
419,The Others,2001,7.6,74.0,328601,96.52,104
420,The Count of Monte Cristo,2002,7.8,61.0,126121,54.23,131
421,Togo,2019,8.0,69.0,28977,,113
422,The Color Purple,1985,7.8,78.0,75765,98.47,154
423,A Streetcar Named Desire,1951,8.0,97.0,96526,8.0,122
424,Roma,2018,7.7,96.0,132510,,135
425,In Bruges,2008,7.9,67.0,381393,7.76,107
426,Empire of the Sun,1987,7.7,62.0,112263,22.24,153
427,Cinema Paradiso,1988,8.5,80.0,220114,11.99,155
428,Sleepers,1996,7.6,49.0,182898,49.1,147
429,Gran Torino,2008,8.1,72.0,703055,148.1,116
430,When Harry Met Sally...,1989,7.6,76.0,189018,92.82,95
431,The Skin I Live In,2011,7.6,70.0,133775,3.19,120
432,Some Like It Hot,1959,8.2,98.0,236235,25.0,121
433,The Magnificent Seven,1960,7.7,74.0,85315,4.91,128
434,Donnie Brasco,1997,7.7,76.0,269095,41.91,127
435,Mad Max 2: The Road Warrior,1981,7.6,77.0,162374,12.47,96
436,Castle in the Sky,1986,8.0,78.0,143554,,125
437,The Great Escape,1963,8.2,86.0,217973,12.1,172
438,Midnight Cowboy,1969,7.8,79.0,97787,44.79,113
439,Lost Highway,1997,7.6,52.0,126597,3.8,134
440,Akira,1988,8.0,,157599,0.55,124
441,Only the Brave,2017,7.6,72.0,54027,18.34,134
442,Pride,2014,7.8,79.0,50048,,119
443,Frost/Nixon,2008,7.7,80.0,100743,18.59,122
444,Die Hard with a Vengeance,1995,7.6,58.0,355434,100.01,128
445,It's a Wonderful Life,1946,8.6,89.0,385338,,130
446,Creed,2015,7.6,82.0,240193,109.77,133
447,The Bourne Ultimatum,2007,8.0,85.0,595403,227.47,115
448,Breakfast at Tiffany's,1961,7.7,76.0,161824,,115
449,The Royal Tenenbaums,2001,7.6,76.0,259361,52.36,110
450,Moon,2009,7.9,67.0,327570,5.01,97
451,Cat on a Hot Tin Roof,1958,8.0,84.0,43483,17.57,108
452,Dog Day Afternoon,1975,8.0,86.0,229242,50.0,125
453,Boyhood,2014,7.9,100.0,329038,25.38,165
454,Walk the Line,2005,7.8,72.0,227963,119.52,136
455,Dogville,2003,8.0,60.0,134074,1.53,178
456,Spartacus,1960,7.9,87.0,120896,30.0,197
457,Hunt for the Wilderpeople,2016,7.9,81.0,102926,5.2,101
458,To Kill a Mockingbird,1962,8.2,88.0,287070,,129
459,Searching,2018,7.6,71.0,127435,26.02,102
460,Toy Story 2,1999,7.9,88.0,511184,245.85,92
461,Captain Phillips,2013,7.8,82.0,409108,107.1,134
462,Traffic,2000,7.6,86.0,192257,124.12,147
463,Sense and Sensibility,1995,7.6,84.0,98631,43.18,136
464,The Birds,1963,7.7,90.0,165732,11.4,119
465,Carlito's Way,1993,7.9,65.0,195072,36.95,144
466,Adaptation.,2002,7.7,83.0,172811,22.25,115
467,I Saw the Devil,2010,7.8,67.0,104621,0.13,144
468,The Naked Gun: From the Files of Police Squad!,1988,7.6,76.0,146584,78.76,85
469,Brazil,1985,7.9,84.0,183350,9.93,132
470,Road to Perdition,2002,7.7,72.0,241116,104.45,117
471,Isle of Dogs,2018,7.9,82.0,130593,32.02,101
472,Stagecoach,1939,7.9,93.0,41738,,96
473,Gattaca,1997,7.8,64.0,274087,12.34,106
474,Monty Python's Life of Brian,1979,8.1,77.0,356581,20.05,94
475,Stalker,1979,8.2,,110187,0.23,162
476,Barton Fink,1991,7.7,69.0,110053,6.15,116
477,Shoplifters,2018,8.0,93.0,54607,3.31,121
478,Miller's Crossing,1990,7.7,66.0,123126,5.08,115
479,Butch Cassidy and the Sundance Kid,1969,8.0,66.0,198252,102.31,110
480,Barry Lyndon,1975,8.1,89.0,143721,,185
481,Gone Baby Gone,2007,7.6,72.0,244144,20.3,114
482,Fried Green Tomatoes,1991,7.7,64.0,64922,82.42,130
483,Kung Fu Hustle,2004,7.7,78.0,123812,17.11,99
484,Planet of the Apes,1968,8.0,79.0,162034,33.4,112
485,The Illusionist,2006,7.6,68.0,349149,39.87,110
486,A Silent Voice: The Movie,2016,8.2,78.0,38685,,130
487,Dark City,1998,7.6,66.0,184162,14.38,100
488,Escape from Alcatraz,1979,7.6,76.0,114855,43.0,112
489,Wild Tales,2014,8.1,77.0,168090,3.11,122
490,Goldfinger,1964,7.7,87.0,167729,51.08,110
491,"Paris, Texas",1984,8.1,78.0,84846,2.18,145
492,Andhadhun,2018,8.3,,62961,1.37,139
493,The Raid: Redemption,2011,7.6,73.0,186013,4.11,101
494,The Boondock Saints,1999,7.8,44.0,223834,0.03,108
495,Billy Elliot,2000,7.7,74.0,122969,22.0,110
496,Annie Hall,1977,8.0,92.0,246940,39.2,93
497,7 Kogustaki Mucize,2019,8.3,,27086,,132
498,The Girl with the Dragon Tattoo,2009,7.8,76.0,205254,10.1,152
499,The Boy in the Striped Pajamas,2008,7.8,55.0,184464,9.03,94
500,National Lampoon's Christmas Vacation,1989,7.6,49.0,147790,71.32,97
501,Sunset Blvd.,1950,8.4,,193801,,110
502,"Blood In, Blood Out",1993,8.0,47.0,28075,4.5,180
503,Mississippi Burning,1988,7.8,65.0,84591,34.6,128
504,The Artist,2011,7.9,89.0,226138,44.67,100
505,Gangs of Wasseypur,2012,8.2,89.0,76642,,321
506,The Remains of the Day,1993,7.8,84.0,63369,22.95,134
507,Gandhi,1982,8.0,79.0,214272,52.77,191
508,Lord of War,2005,7.6,62.0,288531,24.15,122
509,Victoria,2015,7.6,77.0,50021,,138
510,Robin Hood,1973,7.6,57.0,111877,32.06,83
511,Klaus,2019,8.2,65.0,71779,,96
512,Evil Dead II,1987,7.8,69.0,143753,5.92,84
513,In the Mood for Love,2000,8.1,85.0,117585,2.73,98
514,Enemy at the Gates,2001,7.6,53.0,236645,51.4,131
515,Land of Mine,2015,7.8,75.0,33175,0.44,100
516,In the Heat of the Night,1967,7.9,75.0,65186,24.38,110
517,The Lego Movie,2014,7.7,83.0,317839,257.76,100
518,The Nightmare Before Christmas,1993,8.0,82.0,283667,75.08,76
519,The Seventh Seal,1957,8.2,,157361,,96
520,Network,1976,8.1,83.0,140646,,121
521,JFK,1991,8.0,72.0,137417,70.41,189
522,A Bronx Tale,1993,7.8,80.0,124016,17.27,121
523,Manhattan,1979,7.9,83.0,128296,45.7,96
524,Cool Hand Luke,1967,8.1,92.0,157241,16.22,127
525,Midnight Express,1978,7.6,59.0,71068,35.0,121
526,The Conversation,1974,7.8,85.0,94615,4.42,113
527,Before Sunset,2004,8.0,90.0,226160,5.82,80
528,Rise of the Planet of the Apes,2011,7.6,68.0,488724,176.76,105
529,Short Term 12,2013,8.0,82.0,78776,1.01,96
530,For a Few Dollars More,1965,8.3,74.0,223508,15.0,132
531,Eastern Promises,2007,7.6,82.0,222731,17.11,100
532,The Apartment,1960,8.3,94.0,157135,18.6,125
533,Seven Pounds,2008,7.6,36.0,281020,69.95,123
534,The Holy Mountain,1973,7.9,,34953,0.06,114
535,Charade,1963,7.9,83.0,65453,13.47,113
536,Blow-Up,1966,7.6,82.0,54546,,111
537,The Maltese Falcon,1941,8.0,96.0,146018,2.11,100
538,Dawn of the Planet of the Apes,2014,7.6,79.0,404885,208.55,130
539,Porco Rosso,1992,7.7,83.0,72725,,94
540,Metropolis,1927,8.3,98.0,154770,1.24,153
541,Dirty Harry,1971,7.7,90.0,139557,35.9,102
542,The Fall,2006,7.9,64.0,105347,2.28,117
543,Snow White and the Seven Dwarfs,1937,7.6,95.0,175902,184.93,83
544,Serpico,1973,7.7,87.0,105358,29.8,130
545,Battle Royale,2000,7.6,81.0,165482,,114
546,The Ten Commandments,1956,7.8,,61953,93.74,220
547,Clerks,1994,7.7,70.0,208464,3.15,92
548,Let the Right One In,2008,7.9,82.0,201755,2.12,114
549,Doctor Zhivago,1965,8.0,69.0,67791,111.72,197
550,A Fistful of Dollars,1964,8.0,65.0,190341,14.5,99
551,La Haine,1995,8.1,,142710,0.31,98
552,The Last Picture Show,1971,8.0,93.0,40818,29.13,118
553,M,1931,8.3,,137923,0.03,99
554,The Secret World of Arrietty,2010,7.6,80.0,76375,19.2,94
555,Hachi: A Dog's Tale,2009,8.1,,243404,,93
556,Ben-Hur,1959,8.1,90.0,213422,74.7,212
557,Harakiri,1962,8.7,85.0,35577,,133
558,Ordinary People,1980,7.7,86.0,45249,54.8,124
559,Enter the Dragon,1973,7.7,83.0,93634,25.0,102
560,Paths of Glory,1957,8.4,,170684,,88
561,A Separation,2011,8.3,95.0,212323,7.1,123
562,"Synecdoche, New York",2008,7.6,67.0,78638,3.08,124
563,Kramer vs. Kramer,1979,7.8,77.0,128064,106.26,105
564,Ip Man,2008,8.0,59.0,206537,,106
565,The Wrestler,2008,7.9,80.0,285237,26.24,109
566,Amores Perros,2000,8.1,83.0,217860,5.38,154
567,Ran,1985,8.2,96.0,107473,4.14,162
568,Awakenings,1990,7.8,74.0,119563,52.1,121
569,The Man from Earth,2007,7.9,,169399,,87
570,Blood Simple,1984,7.6,81.0,84644,2.15,99
571,Like Stars on Earth,2007,8.4,,159207,1.22,165
572,50/50,2011,7.6,72.0,310663,35.01,100
573,In the Name of the Father,1993,8.1,84.0,151344,25.01,133
574,Naked,1993,7.8,84.0,32909,1.77,132
575,Solaris,1972,8.1,90.0,77178,,167
576,The Bridges of Madison County,1995,7.6,66.0,70494,71.52,135
577,Before Midnight,2013,7.9,94.0,134801,8.11,109
578,Days of Heaven,1978,7.8,93.0,50371,,94
579,October Sky,1999,7.8,71.0,79462,32.48,108
580,Fiddler on the Roof,1971,8.0,67.0,37828,80.5,181
581,Whisper of the Heart,1995,7.9,75.0,47634,,111
582,Sling Blade,1996,8.0,84.0,85327,24.48,135
583,Night of the Living Dead,1968,7.9,89.0,112300,0.09,96
584,Ghost in the Shell,1995,8.0,76.0,124371,0.52,83
585,The Body,2012,7.6,,53428,,108
586,"Crouching Tiger, Hidden Dragon",2000,7.8,94.0,248455,128.08,120
587,All the President's Men,1976,8.0,84.0,98960,70.6,138
588,Perfect Blue,1997,8.0,,52569,0.78,81
589,Sing Street,2016,7.9,79.0,81922,3.24,106
590,How to Train Your Dragon 2,2014,7.8,76.0,296516,177.0,102
591,The Right Stuff,1983,7.8,91.0,54637,21.5,193
592,The Bridge on the River Kwai,1957,8.1,87.0,197235,44.91,161
593,Rushmore,1998,7.7,86.0,164776,17.11,93
594,Roman Holiday,1953,8.0,78.0,123768,,118
595,PK,2014,8.1,,154693,10.62,153
596,On the Waterfront,1954,8.1,91.0,137266,9.6,108
597,Glengarry Glen Ross,1992,7.7,82.0,93189,10.73,100
598,The King of Comedy,1982,7.8,73.0,82827,2.5,109
599,Key Largo,1948,7.8,,36044,,100
600,The Wind Rises,2013,7.8,83.0,68874,5.21,126
601,Batman: Mask of the Phantasm,1993,7.8,,41457,5.62,76
602,The Insider,1999,7.8,84.0,156177,28.97,157
603,The Iron Giant,1999,8.0,85.0,167053,23.16,86
604,Funny Games,1997,7.6,69.0,62070,,108
605,The French Connection,1971,7.7,94.0,106411,15.63,104
606,Bonnie and Clyde,1967,7.8,86.0,99550,,111
607,Ed Wood,1994,7.8,70.0,162348,5.89,127
608,Rio Bravo,1959,8.0,93.0,54242,12.54,141
609,After Hours,1985,7.7,90.0,55874,10.6,97
610,Rebel Without a Cause,1955,7.7,89.0,80948,,111
611,Papillon,1973,8.0,58.0,118554,53.27,151
612,Mother,2009,7.8,79.0,47785,0.55,129
613,The Last King of Scotland,2006,7.7,74.0,172002,17.61,123
614,Dangerous Liaisons,1988,7.6,74.0,62779,34.7,119
615,Rebecca,1940,8.1,86.0,118209,4.36,130
616,Paddington 2,2017,7.8,88.0,57115,40.44,103
617,The Great Beauty,2013,7.8,86.0,78061,2.85,141
618,Rope,1948,8.0,73.0,124572,,80
619,8½,1963,8.0,,105515,0.05,138
620,The Raid 2,2014,8.0,71.0,111251,2.63,150
621,Flipped,2010,7.7,45.0,79099,1.75,90
622,21 Grams,2003,7.7,70.0,220388,16.29,124
623,Hotel Rwanda,2004,8.1,79.0,327467,23.53,121
624,Witness for the Prosecution,1957,8.4,,102998,8.18,116
625,All That Jazz,1979,7.9,72.0,26846,37.82,123
626,Double Indemnity,1944,8.3,95.0,138199,5.72,107
627,Nosferatu,1922,7.9,,85999,,94
628,"Planes, Trains & Automobiles",1987,7.6,72.0,118322,49.53,93
629,The Best Offer,2013,7.8,49.0,104295,0.09,131
630,The Man Who Shot Liberty Valance,1962,8.1,94.0,66696,,123
631,Beasts of No Nation,2015,7.7,79.0,70809,0.08,137
632,Cinderella Man,2005,8.0,69.0,172716,61.65,144
633,The Name of the Rose,1986,7.7,54.0,98804,7.15,130
634,Mommy,2014,8.1,74.0,48045,3.49,139
635,High Noon,1952,7.9,89.0,95016,9.45,85
636,Sabrina,1954,7.7,72.0,57195,,113
637,Cabaret,1972,7.8,80.0,46804,42.77,124
638,The Adventures of Robin Hood,1938,7.9,97.0,45948,3.98,102
639,The Last Emperor,1987,7.7,76.0,91037,43.98,163
640,25th Hour,2002,7.6,68.0,167188,13.06,135
641,I Am Sam,2001,7.7,28.0,140569,40.31,132
642,The Wild Bunch,1969,7.9,97.0,75606,12.06,135
643,Anatomy of a Murder,1959,8.0,95.0,57864,11.9,161
644,La Dolce Vita,1960,8.0,95.0,63886,19.52,174
645,What Ever Happened to Baby Jane?,1962,8.1,75.0,48381,4.05,134
646,My Fair Lady,1964,7.8,95.0,84201,72.0,170
647,Giant,1956,7.6,84.0,32996,,201
648,Persona,1966,8.1,86.0,97409,,83
649,All About Eve,1950,8.2,98.0,116680,0.01,138
650,From Here to Eternity,1953,7.6,85.0,42015,30.5,118
651,Dawn of the Dead,1978,7.9,71.0,108551,5.1,127
652,In a Better World,2010,7.6,65.0,37823,1.01,118
653,The Taking of Pelham One Two Three,1974,7.7,68.0,25475,,104
654,Stalag 17,1953,8.0,84.0,50063,,120
655,Chungking Express,1994,8.1,77.0,59127,0.6,102
656,The Man from Nowhere,2010,7.8,,60212,0.01,119
657,Three Colors: Blue,1993,7.9,85.0,85406,1.32,94
658,The Great Dictator,1940,8.4,,195452,0.29,125
659,Baahubali: The Beginning,2015,8.1,,99117,6.74,159
660,The Muppet Movie,1979,7.6,74.0,31576,76.66,95
661,Cold War,2018,7.6,90.0,44820,4.57,89
662,Harold and Maude,1971,7.9,62.0,68895,,91
663,Me and Earl and the Dying Girl,2015,7.7,74.0,119713,6.74,105
664,The Treasure of the Sierra Madre,1948,8.2,98.0,110473,5.01,126
665,This Is England,2006,7.7,86.0,113744,0.33,101
666,Rashomon,1950,8.2,98.0,146521,0.1,88
667,The Longest Day,1962,7.8,75.0,51176,39.1,178
668,Dancer in the Dark,2000,8.0,61.0,99389,4.18,140
669,Badlands,1973,7.8,93.0,63288,,94
670,Finding Neverland,2004,7.7,67.0,195626,51.68,106
671,The Outlaw Josey Wales,1976,7.8,69.0,63607,31.8,135
672,Black Book,2006,7.7,71.0,71188,4.4,145
673,Gully Boy,2019,8.1,65.0,28110,5.57,153
674,When Marnie Was There,2014,7.7,72.0,29659,0.77,103
675,The Third Man,1949,8.1,97.0,154119,0.45,93
676,Kelly's Heroes,1970,7.6,50.0,44024,1.38,144
677,A Little Princess,1995,7.7,83.0,31223,10.02,97
678,Lucky Number Slevin,2006,7.7,53.0,295877,22.49,110
679,Three Colors: Red,1994,8.1,100.0,86730,4.04,99
680,Detachment,2011,7.7,52.0,74167,0.07,98
681,Dial M for Murder,1954,8.2,75.0,151658,0.01,105
682,Breathless,1960,7.9,,70369,0.34,90
683,My Left Foot,1989,7.9,97.0,65616,14.74,103
684,Modern Times,1936,8.5,96.0,208978,0.16,87
685,Short Cuts,1993,7.7,79.0,41335,6.11,188
686,Winter Sleep,2014,8.1,88.0,43400,0.17,196
687,Where Eagles Dare,1968,7.7,63.0,50305,,158
688,"South Park: Bigger, Longer & Uncut",1999,7.7,73.0,189112,52.01,81
689,The Tenant,1976,7.7,,37950,1.92,126
690,The Tale of The Princess Kaguya,2013,8.0,89.0,35427,1.51,137
691,Letters from Iwo Jima,2006,7.9,89.0,151434,13.76,141
692,Dilwale Dulhania Le Jayenge,1995,8.1,,61294,,181
693,Withnail & I,1987,7.7,84.0,39068,1.54,107
694,Paper Moon,1973,8.1,77.0,40864,30.93,102
695,The Night of the Hunter,1955,8.0,99.0,79559,0.65,92
696,Mysterious Skin,2004,7.6,73.0,64623,0.7,105
697,Run Lola Run,1998,7.6,77.0,185123,7.27,80
698,Loving Vincent,2017,7.8,62.0,47458,6.74,94
699,Hero,2002,7.9,85.0,171342,53.71,120
700,Pink Floyd: The Wall,1982,8.1,47.0,74159,22.24,95
701,Freaks,1932,7.9,80.0,40844,,64
702,Being There,1979,8.0,83.0,63738,30.18,130
703,The Straight Story,1999,8.0,86.0,79348,6.2,112
704,Wings of Desire,1987,8.0,79.0,62312,3.33,128
705,Neon Genesis Evangelion: The End of Evangelion,1997,8.1,,35382,,87
706,The Mirror,1975,8.1,,37492,0.18,107
707,Hedwig and the Angry Inch,2001,7.7,85.0,31269,3.03,95
708,Kubo and the Two Strings,2016,7.8,84.0,114086,48.02,101
709,Red River,1948,7.8,,27149,,133
710,Contempt,1963,7.6,,27558,0.04,102
711,Fanny and Alexander,1982,8.1,100.0,55701,4.97,188
712,Mary and Max,2009,8.1,,159936,,92
713,Belle de Jour,1967,7.7,,38755,0.03,100
714,Zulu,1964,7.7,77.0,34902,,138
715,Strangers on a Train,1951,8.0,88.0,120142,7.63,101
716,Fantasia,1940,7.8,96.0,86214,76.41,125
717,It Happened One Night,1934,8.1,87.0,90510,4.36,105
718,The World's Fastest Indian,2005,7.8,68.0,50950,5.13,127
719,Philomena,2013,7.6,77.0,92325,37.71,98
720,Fitzcarraldo,1982,8.1,,30093,,158
721,Patton,1970,7.9,91.0,91913,61.7,172
722,Who's Afraid of Virginia Woolf?,1966,8.0,75.0,67235,,131
723,Talk to Her,2002,7.9,86.0,102179,9.28,112
724,Nebraska,2013,7.7,87.0,110004,17.65,115
725,The Killing,1956,8.0,,78922,,84
726,Uri: The Surgical Strike,2019,8.3,,39986,4.19,138
727,The Thin Man,1934,8.0,,25563,,91
728,The African Queen,1951,7.7,91.0,69736,0.54,105
729,The Secret of NIMH,1982,7.6,76.0,35181,10.14,82
730,Bicycle Thieves,1948,8.3,,139776,0.33,89
731,Paprika,2006,7.7,81.0,67470,0.88,90
732,Breaking the Waves,1996,7.8,76.0,60702,4.04,159
733,Amour,2012,7.9,94.0,90523,6.74,127
734,"Aguirre, the Wrath of God",1972,7.9,,50354,,95
735,Drishyam,2015,8.2,,64179,0.74,163
736,Swades,2004,8.2,,80018,1.22,189
737,Wild Strawberries,1957,8.2,88.0,91689,,91
738,East of Eden,1955,7.9,72.0,39061,,118
739,Zindagi Na Milegi Dobara,2011,8.1,,64600,3.11,155
740,Thank You for Smoking,2005,7.6,71.0,210667,24.79,92
741,The Philadelphia Story,1940,7.9,96.0,61607,,112
742,Dead Man,1995,7.6,62.0,88139,1.04,121
743,The Big Sleep,1946,7.9,,77088,6.54,114
744,Notorious,1946,7.9,100.0,89683,10.46,102
745,Touch of Evil,1958,8.0,99.0,96342,2.24,95
746,On Golden Pond,1981,7.6,68.0,26789,119.29,109
747,The Double Life of Véronique,1991,7.8,86.0,39943,2.0,98
748,The Chaser,2008,7.9,64.0,55503,,125
749,The Manchurian Candidate,1962,7.9,94.0,69858,,126
750,Frankenstein,1931,7.8,91.0,62825,,70
751,Lagaan: Once Upon a Time in India,2001,8.1,84.0,101378,0.07,224
752,The Quiet Man,1952,7.7,,33611,10.55,129
753,Once,2007,7.8,88.0,108617,9.44,86
754,Happiness,1998,7.7,81.0,65056,2.81,134
755,The Little Prince,2015,7.7,70.0,54518,1.34,108
756,Yojimbo,1961,8.2,,106104,,110
757,Lady Vengeance,2005,7.6,75.0,69629,0.21,115
758,A Christmas Story,1983,7.9,77.0,127390,20.61,94
759,K.G.F: Chapter 1,2018,8.2,,30445,,156
760,A Man Called Ove,2015,7.7,70.0,44364,3.36,116
761,City Lights,1931,8.5,99.0,160781,0.02,87
762,Watership Down,1978,7.6,64.0,32807,,91
763,Hamlet,1996,7.7,,35381,4.41,242
764,Mr. Smith Goes to Washington,1939,8.1,73.0,103736,9.6,129
765,The Killing Fields,1984,7.8,76.0,50033,34.7,141
766,The Day of the Jackal,1973,7.8,80.0,36246,16.06,143
767,The Lion in Winter,1968,7.9,,28259,22.28,134
768,La Vie En Rose,2007,7.6,66.0,80967,10.3,140
769,Children of Heaven,1997,8.3,,61328,0.93,89
770,The 400 Blows,1959,8.1,,100728,,99
771,The Man Who Would Be King,1975,7.8,91.0,42864,,129
772,Infernal Affairs,2002,8.0,75.0,115828,0.17,101
773,Leviathan,2014,7.6,92.0,47485,1.09,140
774,The Invisible Man,1933,7.7,87.0,28977,,71
775,Queen,2013,8.2,,58532,1.43,146
776,Sympathy for Mr. Vengeance,2002,7.6,56.0,60476,0.05,129
777,Andrei Rublev,1966,8.1,,44104,0.1,205
778,The Hurricane,1999,7.6,74.0,89660,50.67,146
779,The Day the Earth Stood Still,1951,7.7,,75043,,92
780,Three Colors: White,1994,7.6,88.0,61096,1.46,92
781,The Message,1976,8.2,,42558,,177
782,Eyes Without a Face,1960,7.7,90.0,25799,0.05,90
783,High and Low,1963,8.4,,30089,,143
784,Judgment at Nuremberg,1961,8.2,60.0,66628,,179
785,"Spring, Summer, Fall, Winter... and Spring",2003,8.0,85.0,75061,2.38,103
786,All About My Mother,1999,7.8,87.0,86361,8.26,101
787,Rififi,1955,8.2,97.0,25398,0.06,118
788,The Verdict,1982,7.7,77.0,34567,54.0,129
789,Duck You Sucker,1971,7.6,77.0,28840,0.7,138
790,5 Centimeters Per Second,2007,7.6,,48595,,63
791,Volver,2006,7.6,84.0,92567,12.9,121
792,The Ladykillers,1955,7.7,91.0,25436,,91
793,Bhaag Milkha Bhaag,2013,8.2,,58769,1.63,186
794,Out of the Past,1947,8.0,,31436,,97
795,Ikiru,1952,8.3,,64428,0.06,143
796,Hannah and Her Sisters,1986,7.9,90.0,65216,40.08,107
797,The Grapes of Wrath,1940,8.0,96.0,84216,0.06,129
798,The Discreet Charm of the Bourgeoisie,1972,7.9,93.0,36933,0.2,102
799,Repulsion,1965,7.7,91.0,47228,,105
800,"I, Daniel Blake",2016,7.9,78.0,50808,0.26,100
801,The White Ribbon,2009,7.8,82.0,66886,2.22,144
802,The Kid,1921,8.3,,107665,5.45,68
803,Tokyo Story,1953,8.2,,49535,,136
804,Secrets & Lies,1996,8.0,91.0,35921,13.42,136
805,Perfect Strangers,2016,7.8,,53642,,96
806,The Vanishing,1988,7.7,,32645,,107
807,The Best Years of Our Lives,1946,8.0,93.0,55930,23.65,170
808,The Lunchbox,2013,7.8,76.0,48133,4.23,104
809,The Hustler,1961,8.0,90.0,73597,8.28,134
810,Waking Life,2001,7.8,82.0,59563,2.89,99
811,Good Bye Lenin!,2003,7.7,68.0,134989,4.06,121
812,Dead Man's Shoes,2004,7.6,52.0,48294,0.01,90
813,Open Your Eyes,1997,7.8,,62468,0.37,117
814,Once Were Warriors,1994,7.9,77.0,30737,2.2,102
815,The Diving Bell and the Butterfly,2007,8.0,92.0,101569,5.99,112
816,Anand,1971,8.6,,26939,,122
817,Song of the Sea,2014,8.1,85.0,48660,0.86,93
818,Elite Squad,2007,8.1,33.0,96007,0.01,115
819,All Quiet on the Western Front,1930,8.0,91.0,55974,3.27,152
820,Ninja Scroll,1993,7.9,,33561,,94
821,Loveless,2017,7.6,86.0,27907,0.57,127
822,Rang De Basanti,2006,8.2,,107666,2.2,167
823,The Conformist,1970,8.0,100.0,25721,0.54,113
824,The Station Agent,2003,7.6,81.0,66337,5.74,89
825,The Wave,2008,7.6,,100047,,107
826,Kal ho naa ho,2003,8.0,54.0,61363,1.79,186
827,The 39 Steps,1935,7.6,93.0,49954,,86
828,3-Iron,2004,8.0,72.0,48248,0.24,88
829,A Man for All Seasons,1966,7.7,72.0,30227,28.35,120
830,The Legend of 1900,1998,8.1,58.0,56886,0.26,169
831,Shadow of a Doubt,1943,7.8,94.0,57474,,108
832,Control,2007,7.7,78.0,60372,0.87,122
833,The Hidden Fortress,1958,8.1,,32678,,126
834,Le Samouraï,1967,8.1,,43298,0.04,101
835,Amarcord,1973,7.9,,38448,,123
836,The Cabinet of Dr. Caligari,1920,8.1,,54987,,67
837,Bringing Up Baby,1938,7.9,91.0,53473,,102
838,Gilda,1946,7.7,,26863,,110
839,Invasion of the Body Snatchers,1956,7.7,92.0,43527,,80
840,Delicatessen,1991,7.6,66.0,78718,1.79,99
841,Shine,1996,7.7,87.0,50284,35.81,105
842,The Bandit,1996,8.3,,61180,,128
843,His Girl Friday,1940,7.9,,51763,0.3,92
844,The Motorcycle Diaries,2004,7.8,75.0,94909,16.76,126
845,A Very Long Engagement,2004,7.6,76.0,69981,6.17,133
846,A Prophet,2009,7.9,90.0,91572,2.08,155
847,Udaan,2010,8.2,,41132,0.01,134
848,The Red Shoes,1948,8.1,,29504,10.9,135
849,My Name Is Khan,2010,8.0,50.0,95840,4.02,165
850,Kahaani,2012,8.1,,55717,1.04,122
851,Lupin the 3rd: Castle of Cagliostro,1979,7.7,71.0,25493,,102
852,Sweet Smell of Success,1957,8.1,100.0,26937,,96
853,Lilya 4-Ever,2002,7.8,82.0,41551,0.18,109
854,The Odd Couple,1968,7.7,86.0,30628,44.53,105
855,Talvar,2015,8.2,,29244,0.34,132
856,Bajrangi Bhaijaan,2015,8.0,,69019,8.18,163
857,To Have and Have Not,1944,7.8,,29998,,100
858,Pink,2016,8.1,,36829,1.24,136
859,Underground,1995,8.1,,53849,0.17,167
860,Kagemusha,1980,8.0,84.0,30889,,162
861,The Salesman,2016,7.8,85.0,47897,2.4,124
862,The Broken Circle Breakdown,2012,7.8,70.0,38404,0.18,111
863,Once Upon a Time in Anatolia,2011,7.9,82.0,39398,0.14,157
864,In America,2002,7.7,76.0,39938,15.54,105
865,Arsenic and Old Lace,1944,8.0,,63802,,118
866,Wolf Children,2012,8.1,71.0,36563,,117
867,Sunrise,1927,8.1,,45739,0.54,94
868,The Girl Who Leapt Through Time,2006,7.8,,57920,,98
869,Peeping Tom,1960,7.7,,29728,0.08,101
870,The Lady Vanishes,1938,7.8,,45703,,96
871,Interstate 60: Episodes of the Road,2002,7.7,,29155,,116
872,To Be or Not to Be,1942,8.2,86.0,26563,,99
873,Wait Until Dark,1967,7.8,81.0,26914,17.55,108
874,After the Wedding,2006,7.7,78.0,31061,0.41,120
875,Hera Pheri,2000,8.2,,53801,,156
876,Ayla: The Daughter of War,2017,8.5,,31778,,125
877,The Sea Inside,2004,8.0,74.0,75876,2.09,126
878,Sleuth,1972,8.0,,43837,4.08,138
879,Pierrot le Fou,1965,7.6,,28047,,110
880,The Celebration,1998,8.0,82.0,76058,1.65,105
881,Dil Chahta Hai,2001,8.1,,64770,0.3,183
882,Confessions,2010,7.8,,34539,,106
883,Munna Bhai M.B.B.S.,2003,8.1,,70897,,156
884,Sholay,1975,8.2,,49718,,162
885,Laura,1944,8.0,,41268,4.36,88
886,Badhaai Ho,2018,8.0,,25519,,124
887,The Wages of Fear,1953,8.1,85.0,52345,,131
888,The Bride of Frankenstein,1935,7.8,95.0,41860,4.36,75
889,Night on Earth,1991,7.8,68.0,53591,2.02,129
890,Nights of Cabiria,1957,8.1,,41500,0.75,110
891,Head-On,2004,7.9,78.0,49748,,121
892,Cries & Whispers,1972,8.1,,28745,1.74,91
893,Haider,2014,8.1,,48819,0.9,160
894,Crimes and Misdemeanors,1989,7.9,77.0,53192,18.25,104
895,Throne of Blood,1957,8.1,,43995,,110
896,Cowboy Bebop: The Movie,2001,7.9,61.0,41625,1.0,115
897,The Innocents,1961,7.8,88.0,25651,2.62,100
898,My Father and My Son,2005,8.3,,75330,,112
899,The Experiment,2001,7.7,60.0,89691,0.14,120
900,The Gold Rush,1925,8.2,,96297,5.45,95
901,The General,1926,8.1,,77959,1.03,67
902,A Wednesday,2008,8.1,,71936,,104
903,My Sassy Girl,2001,8.0,,44392,,137
904,About Elly,2009,8.0,87.0,42965,0.11,119
905,Inherit the Wind,1960,8.1,75.0,26389,,128
906,Ivan's Childhood,1962,8.1,,29783,,84
907,La Strada,1954,8.0,,56447,,108
908,Diabolique,1955,8.0,,59941,,117
909,Mustang,2015,7.6,83.0,34174,0.85,97
910,Death Note,2006,7.7,,28043,,126
911,Love Me If You Dare,2003,7.6,45.0,66069,0.55,93
912,The Magdalene Sisters,2002,7.7,83.0,25491,4.89,114
913,The Passion of Joan of Arc,1928,8.1,,45189,0.02,114
914,Persepolis,2007,8.0,90.0,86475,4.45,96
915,The Exterminating Angel,1962,8.1,,28413,,95
916,Hard Boiled,1992,7.8,,45620,,128
917,The Return,2003,8.0,82.0,41028,0.5,110
918,Baahubali 2: The Conclusion,2017,8.2,,71460,20.19,167
919,Dev.D,2009,8.0,,27869,0.01,144
920,Airlift,2016,8.0,,51389,,130
921,Baby,2015,8.0,,51197,,159
922,Down by Law,1986,7.8,75.0,46489,1.44,107
923,The Circus,1928,8.2,90.0,25940,,72
924,Barfi!,2012,8.1,,73247,2.8,151
925,L'Avventura,1960,7.9,,25328,,144
926,Special 26,2013,8.0,,48914,1.08,144
927,Brief Encounter,1945,8.0,92.0,34168,,86
928,Harvey,1950,7.9,,51670,,104
929,The Battle of Algiers,1966,8.1,96.0,50352,0.06,121
930,The Purple Rose of Cairo,1985,7.7,75.0,45784,10.63,82
931,Departures,2008,8.1,68.0,47345,1.5,130
932,Paan Singh Tomar,2012,8.2,,31874,0.04,135
933,"Black Cat, White Cat",1998,8.1,73.0,49566,0.35,127
934,Raise the Red Lantern,1991,8.1,,28328,2.6,125
935,"4 Months, 3 Weeks and 2 Days",2007,7.9,97.0,55126,1.19,113
936,Elite Squad 2: The Enemy Within,2010,8.0,71.0,77837,0.1,115
937,Chak de! India,2007,8.2,68.0,71323,1.11,153
938,Au Revoir les Enfants,1987,8.0,,30195,4.54,104
939,The Virgin Spring,1960,8.1,,25626,1.53,89
940,Cell 211,2009,7.6,,62558,,113
941,Fearless,2006,7.6,70.0,71790,24.63,104
942,Jules and Jim,1962,7.8,97.0,36243,,105
943,Miracle on 34th Street,1947,7.9,88.0,38890,2.65,96
944,Vivre Sa Vie,1962,8.0,,26251,,85
945,Ace in the Hole,1951,8.1,72.0,30105,3.97,111
946,Duck Soup,1933,7.8,93.0,54445,,69
947,Il Postino,1994,7.7,81.0,32569,21.85,108
948,Udta Punjab,2016,7.8,,25733,,148
949,Battleship Potemkin,1925,8.0,,51398,0.05,66
950,Veer-Zaara,2004,7.8,67.0,47483,2.92,192
951,The Lost Weekend,1945,7.9,,32516,9.46,101
952,The Chorus,2004,7.9,56.0,55830,3.64,97
953,The Past,2013,7.8,85.0,43800,1.33,130
954,The Visitor,2007,7.6,79.0,41031,9.42,104
955,Tokyo Godfathers,2003,7.8,73.0,29364,0.13,92
956,Lifeboat,1944,7.6,78.0,25649,,97
957,No Man's Land,2001,7.9,84.0,43756,1.06,98
958,Evil,2003,7.8,61.0,34934,0.02,113
959,Joint Security Area,2000,7.8,58.0,25326,,110
960,The Killer,1989,7.8,82.0,44753,,111
961,Adam's Apples,2005,7.8,51.0,44202,0.0,94
962,Vicky Donor,2012,7.8,,38321,0.17,126
963,Nine Queens,2000,7.9,80.0,48435,1.22,114
964,Central Station,1998,8.0,80.0,35059,5.6,110
965,Jab We Met,2007,7.9,,45836,0.41,138
966,Black,2005,8.2,,32622,0.73,122
967,G.O.R.A.,2004,8.0,,54673,,127
968,Kind Hearts and Coronets,1949,8.0,,33555,,106
969,Fireworks,1997,7.8,,26718,0.23,103
970,Vampire Hunter D: Bloodlust,2000,7.7,62.0,28336,0.15,103
971,Sherlock Jr.,1924,8.2,,38894,0.98,45
972,Love and Death,1975,7.7,89.0,34957,,85
973,Tae Guk Gi: The Brotherhood of War,2004,8.1,64.0,37161,1.11,140
974,Hiroshima Mon Amour,1959,7.9,,27104,0.09,90
975,Sanjuro,1962,8.1,,30895,,96
976,The Triplets of Belleville,2003,7.8,91.0,49735,7.0,80
977,OMG: Oh My God!,2012,8.1,,48968,0.92,125
978,The Secret of Kells,2009,7.6,81.0,30186,0.69,75
979,C.R.A.Z.Y.,2005,7.9,81.0,31080,,127
980,Zelig,1983,7.7,,38941,11.8,79
981,White Heat,1949,8.1,,28674,,114
982,Joyeux Noel,2005,7.7,70.0,27006,1.05,116
983,Drishyam,2013,8.4,,29347,,160
984,La Grande Illusion,1937,8.1,,32992,0.17,113
985,The Rules of the Game,1939,8.0,,25863,,110
986,Tangerines,2013,8.2,73.0,37013,0.14,87
987,The Shop Around the Corner,1940,8.1,96.0,26490,0.2,99
988,Knockin' on Heaven's Door,1997,8.0,,26799,0.0,87
989,Boy A,2007,7.6,75.0,36324,0.11,102
990,The Edge of Heaven,2007,7.8,85.0,30135,0.74,122
991,Andaz Apna Apna,1994,8.2,,47899,,160
992,The Muppet Christmas Carol,1992,7.7,64.0,46160,27.28,85
993,English Vinglish,2012,7.8,,32403,1.67,134
994,A Night at the Opera,1935,7.9,,29805,,96
995,"Carry On, Munna Bhai",2006,8.1,,41455,2.22,144
996,Le Dîner de Cons,1998,7.7,73.0,36386,4.07,80
997,And Now for Something Completely Different,1971,7.6,,28293,,88
998,The Breath,2009,8.0,,31047,,128
999,Vizontele,2001,8.0,,31986,,110
